time,LHipAngles,LKneeAngles,LAnkleAngles,RHipAngles,RKneeAngles,RAnkleAngles,LSpineAngles,RSpineAngles
,X,X,X,X,X,X,X,X
0,65.544273,101.331352,18.45433,63.590111,102.532303,20.00013,28.745995,28.745995
0.01,65.545235,101.333054,18.460028,63.591759,102.533569,20.001329,28.741346,28.741346
0.02,65.545723,101.33506,18.465931,63.59354,102.535599,20.002537,28.736113,28.736113
0.03,65.545456,101.337234,18.471685,63.595131,102.538429,20.003881,28.730751,28.730751
0.04,65.544342,101.339371,18.477177,63.596302,102.542038,20.00551,28.725451,28.725451
0.05,65.542549,101.341354,18.482368,63.597031,102.546173,20.007282,28.720255,28.720255
0.06,65.540413,101.343254,18.487066,63.597401,102.550461,20.008928,28.71501,28.71501
0.07,65.538078,101.34507,18.491062,63.597446,102.554688,20.010281,28.709778,28.709778
0.08,65.53569,101.346802,18.494488,63.597317,102.558777,20.011292,28.704594,28.704594
0.09,65.533394,101.348419,18.497698,63.59697,102.56237,20.011969,28.699471,28.699471
0.1,65.531273,101.349869,18.500778,63.596157,102.564819,20.01243,28.69438,28.69438
0.11,65.529053,101.351036,18.503572,63.594223,102.565483,20.012899,28.689547,28.689547
0.12,65.526474,101.351837,18.505836,63.590767,102.564232,20.01372,28.685303,28.685303
0.13,65.523483,101.352219,18.507235,63.585995,102.561592,20.015297,28.681883,28.681883
0.14,65.520248,101.352158,18.507381,63.580658,102.558571,20.017906,28.679329,28.679329
0.15,65.516991,101.351585,18.506102,63.575733,102.556221,20.021227,28.677454,28.677454
0.16,65.51358,101.350655,18.503704,63.571712,102.555176,20.024122,28.676504,28.676504
0.17,65.509804,101.349602,18.500738,63.568489,102.555466,20.025478,28.676805,28.676805
0.18,65.505341,101.348747,18.49802,63.565414,102.556427,20.024782,28.678801,28.678801
0.19,65.499977,101.348404,18.496588,63.561775,102.557076,20.022032,28.682724,28.682724
0.2,65.493973,101.348854,18.497133,63.557404,102.556732,20.017475,28.688259,28.688259
0.21,65.487808,101.350304,18.499676,63.552547,102.555077,20.011488,28.694864,28.694864
0.22,65.482025,101.352867,18.503746,63.547333,102.552193,20.004868,28.701931,28.701931
0.23,65.476768,101.356331,18.508629,63.541592,102.548164,19.998272,28.709362,28.709362
0.24,65.472122,101.360176,18.513519,63.535278,102.543297,19.992023,28.71736,28.71736
0.25,65.468079,101.3638,18.517406,63.528622,102.538017,19.986086,28.726238,28.726238
0.26,65.464684,101.366684,18.519211,63.522118,102.53286,19.980402,28.735846,28.735846
0.27,65.46212,101.368652,18.518274,63.516434,102.528221,19.97526,28.745424,28.745424
0.28,65.46051,101.369774,18.514629,63.512009,102.524536,19.97143,28.753693,28.753693
0.29,65.459839,101.370285,18.50889,63.509003,102.522125,19.969564,28.759727,28.759727
0.3,65.459877,101.370232,18.501863,63.507221,102.520859,19.969612,28.763084,28.763084
0.31,65.460251,101.369583,18.494255,63.50602,102.520256,19.971006,28.763939,28.763939
0.32,65.460594,101.368309,18.486637,63.504715,102.519753,19.972971,28.762859,28.762859
0.33,65.460663,101.366539,18.479458,63.502995,102.519005,19.974697,28.760345,28.760345
0.34,65.460304,101.364563,18.473322,63.500896,102.518028,19.975599,28.756859,28.756859
0.35,65.459412,101.362694,18.468819,63.498497,102.517067,19.975382,28.752985,28.752985
0.36,65.458046,101.361351,18.466427,63.495728,102.516373,19.974247,28.74922,28.74922
0.37,65.456306,101.360733,18.465933,63.492428,102.516212,19.972918,28.746172,28.746172
0.38,65.454109,101.360825,18.466665,63.488411,102.516731,19.97217,28.744219,28.744219
0.39,65.451134,101.361443,18.46793,63.483536,102.518021,19.972507,28.743847,28.743847
0.4,65.447212,101.362411,18.469309,63.477859,102.520027,19.973875,28.745131,28.745131
0.41,65.442413,101.363579,18.470566,63.471657,102.5224,19.975653,28.747768,28.747768
0.42,65.437119,101.36467,18.471371,63.465488,102.524696,19.977236,28.751043,28.751043
0.43,65.431671,101.365257,18.471447,63.45977,102.526527,19.978407,28.754337,28.754337
0.44,65.426392,101.365173,18.470839,63.454758,102.527634,19.979237,28.757278,28.757278
0.45,65.421494,101.364494,18.469828,63.45042,102.528015,19.979918,28.759779,28.759779
0.46,65.417191,101.363525,18.468805,63.446644,102.527779,19.980696,28.761848,28.761848
0.47,65.413605,101.362671,18.468281,63.443302,102.527351,19.981874,28.763781,28.763781
0.48,65.41053,101.362129,18.468391,63.440285,102.527184,19.983425,28.765984,28.765984
0.49,65.407524,101.361916,18.468969,63.437374,102.527649,19.985178,28.769007,28.769007
0.5,65.404213,101.361946,18.469728,63.434425,102.528732,19.986801,28.77335,28.77335
0.51,65.400482,101.362015,18.470379,63.431446,102.530312,19.988138,28.779081,28.779081
0.52,65.396675,101.361885,18.470409,63.428673,102.532158,19.989065,28.785788,28.785788
0.53,65.393219,101.361458,18.469353,63.426346,102.533989,19.989368,28.792791,28.792791
0.54,65.390266,101.360878,18.467222,63.424541,102.535454,19.988781,28.799616,28.799616
0.55,65.38752,101.360466,18.464705,63.423149,102.536087,19.987268,28.805941,28.805941
0.56,65.384605,101.360405,18.462593,63.421871,102.535446,19.984884,28.811657,28.811657
0.57,65.380898,101.36071,18.461609,63.420048,102.533333,19.981766,28.817026,28.817026
0.58,65.375732,101.361221,18.46209,63.416878,102.530106,19.978479,28.822449,28.822449
0.59,65.368683,101.361641,18.463844,63.411884,102.526268,19.975594,28.828152,28.828152
0.6,65.359947,101.361702,18.466108,63.405289,102.522301,19.973539,28.833803,28.833803
0.61,65.350357,101.361244,18.468002,63.3978,102.518494,19.972425,28.838715,28.838715
0.62,65.340919,101.360046,18.468719,63.390457,102.515266,19.972244,28.842014,28.842014
0.63,65.332451,101.357933,18.467827,63.383942,102.51284,19.972616,28.84309,28.84309
0.64,65.325356,101.354919,18.465385,63.378464,102.511208,19.973051,28.841522,28.841522
0.65,65.319656,101.351341,18.461857,63.373779,102.510109,19.973278,28.837406,28.837406
0.66,65.315331,101.34787,18.457983,63.369736,102.5093,19.973402,28.830751,28.830751
0.67,65.312263,101.345222,18.454576,63.366417,102.50898,19.973892,28.821709,28.821709
0.68,65.310371,101.343941,18.452415,63.364075,102.509674,19.975119,28.810616,28.810616
0.69,65.309128,101.344139,18.452089,63.362522,102.511719,19.977268,28.798218,28.798218
0.7,65.307983,101.345764,18.453854,63.361286,102.514755,19.980064,28.785273,28.785273
0.71,65.306442,101.348465,18.457502,63.359653,102.517937,19.982826,28.772429,28.772429
0.72,65.304184,101.351822,18.462471,63.357136,102.520393,19.98481,28.760307,28.760307
0.73,65.301102,101.355247,18.467916,63.35355,102.521591,19.985838,28.749235,28.749235
0.74,65.297287,101.358315,18.47308,63.348946,102.521339,19.986185,28.739363,28.739363
0.75,65.293045,101.360649,18.477438,63.343678,102.519791,19.986231,28.730553,28.730553
0.76,65.288704,101.362076,18.48094,63.338207,102.517303,19.986238,28.722673,28.722673
0.77,65.284576,101.362602,18.483671,63.333023,102.514435,19.986391,28.715574,28.715574
0.78,65.280884,101.362457,18.485815,63.328434,102.511841,19.986681,28.709044,28.709044
0.79,65.277588,101.361893,18.487579,63.324501,102.509926,19.986786,28.702908,28.702908
0.8,65.274467,101.361153,18.489071,63.321243,102.508781,19.986145,28.696991,28.696991
0.81,65.271286,101.360413,18.490072,63.318604,102.508301,19.984125,28.691261,28.691261
0.82,65.268021,101.359802,18.490351,63.316486,102.508148,19.980106,28.68568,28.68568
0.83,65.264626,101.35952,18.49003,63.314625,102.507957,19.974108,28.680344,28.680344
0.84,65.261215,101.359718,18.489386,63.312778,102.507545,19.966824,28.675234,28.675234
0.85,65.258011,101.360428,18.488554,63.310902,102.506958,19.95928,28.670309,28.670309
0.86,65.255196,101.361359,18.487349,63.308914,102.506363,19.952641,28.665491,28.665491
0.87,65.252991,101.361893,18.485165,63.306927,102.505775,19.947878,28.660315,28.660315
0.88,65.251648,101.361183,18.481316,63.305176,102.505249,19.945517,28.654211,28.654211
0.89,65.251595,101.358742,18.475334,63.304066,102.504662,19.945145,28.646585,28.646585
0.9,65.253365,101.354637,18.467239,63.304173,102.503906,19.945812,28.637054,28.637054
0.91,65.257462,101.349457,18.457468,63.305927,102.502914,19.946829,28.625824,28.625824
0.92,65.264061,101.343887,18.446688,63.309433,102.501602,19.948101,28.613352,28.613352
0.93,65.272964,101.338661,18.435497,63.314461,102.499748,19.949833,28.600237,28.600237
0.94,65.283478,101.334358,18.42415,63.320457,102.496918,19.95186,28.587042,28.587042
0.95,65.294876,101.331314,18.412262,63.326843,102.492813,19.953802,28.574001,28.574001
0.96,65.306404,101.329559,18.39892,63.332935,102.487526,19.955587,28.561382,28.561382
0.97,65.317581,101.329041,18.382874,63.338066,102.481483,19.957405,28.549524,28.549524
0.98,65.328316,101.32959,18.362816,63.341724,102.475166,19.959259,28.538746,28.538746
0.99,65.338814,101.331032,18.338011,63.343815,102.469025,19.960718,28.529289,28.529289
1,65.349396,101.333244,18.308661,63.344738,102.463585,19.961424,28.521158,28.521158
1.01,65.360359,101.336082,18.275629,63.345196,102.459091,19.961329,28.514229,28.514229
1.02,65.372093,101.339478,18.239922,63.346104,102.455574,19.960722,28.508076,28.508076
1.03,65.38488,101.343292,18.202339,63.348167,102.452972,19.960131,28.502354,28.502354
1.04,65.398804,101.347435,18.163555,63.351833,102.45121,19.960258,28.496763,28.496763
1.05,65.413574,101.35183,18.124285,63.357052,102.450058,19.961817,28.491253,28.491253
1.06,65.428986,101.35659,18.085028,63.363644,102.449127,19.965061,28.485857,28.485857
1.07,65.445007,101.362022,18.046038,63.371437,102.447891,19.969351,28.48077,28.48077
1.08,65.461975,101.368294,18.00705,63.380363,102.445923,19.973665,28.476164,28.476164
1.09,65.480438,101.375435,17.967375,63.390266,102.442734,19.977007,28.472301,28.472301
1.1,65.501175,101.383224,17.925938,63.401161,102.438057,19.978727,28.46921,28.46921
1.11,65.524727,101.391289,17.881985,63.413292,102.431847,19.978348,28.466743,28.466743
1.12,65.551384,101.39901,17.835499,63.427219,102.424423,19.975607,28.464716,28.464716
1.13,65.58123,101.405792,17.78734,63.443802,102.416321,19.970549,28.462523,28.462523
1.14,65.614357,101.411179,17.738911,63.464191,102.407951,19.9634,28.459297,28.459297
1.15,65.651009,101.415024,17.692055,63.489708,102.399399,19.954138,28.453934,28.453934
1.16,65.69162,101.417206,17.648489,63.521679,102.390373,19.942503,28.445202,28.445202
1.17,65.73671,101.417473,17.609608,63.561234,102.380478,19.928196,28.432106,28.432106
1.18,65.786789,101.415497,17.576355,63.609013,102.369255,19.910686,28.413929,28.413929
1.19,65.842201,101.41098,17.549383,63.6651,102.356125,19.889551,28.390518,28.390518
1.2,65.90284,101.403809,17.529354,63.728935,102.340553,19.865032,28.362659,28.362659
1.21,65.96817,101.394341,17.51725,63.7995,102.322411,19.838285,28.331875,28.331875
1.22,66.037224,101.383224,17.514305,63.875469,102.302055,19.810913,28.300062,28.300062
1.23,66.108902,101.371132,17.52154,63.955177,102.280342,19.784729,28.268972,28.268972
1.24,66.182281,101.358665,17.539469,64.037018,102.258469,19.761372,28.239635,28.239635
1.25,66.256882,101.34642,17.567755,64.119774,102.237602,19.742027,28.212347,28.212347
1.26,66.332436,101.334946,17.605305,64.202621,102.218735,19.727398,28.187355,28.187355
1.27,66.409088,101.32489,17.650654,64.285339,102.202591,19.717815,28.165127,28.165127
1.28,66.487556,101.316757,17.702225,64.368622,102.190086,19.71353,28.145714,28.145714
1.29,66.569374,101.310928,17.758577,64.454506,102.182358,19.7145,28.127708,28.127708
1.3,66.656754,101.307632,17.818478,64.546104,102.180557,19.720224,28.108429,28.108429
1.31,66.751793,101.307129,17.88088,64.646523,102.185646,19.730093,28.085226,28.085226
1.32,66.85556,101.309708,17.944788,64.757523,102.197861,19.743645,28.056713,28.056713
1.33,66.967346,101.315659,18.009336,64.87841,102.216774,19.760891,28.023685,28.023685
1.34,67.08522,101.325287,18.073807,65.006432,102.24144,19.782148,27.988573,27.988573
1.35,67.20713,101.33889,18.137577,65.138107,102.270996,19.80769,27.954498,27.954498
1.36,67.332123,101.35685,18.20018,65.271202,102.304703,19.837366,27.923716,27.923716
1.37,67.460701,101.379356,18.261368,65.40554,102.341896,19.870869,27.897144,27.897144
1.38,67.594498,101.40609,18.320816,65.543053,102.381813,19.907427,27.874178,27.874178
1.39,67.735573,101.436264,18.378204,65.686546,102.423569,19.945868,27.853302,27.853302
1.4,67.885475,101.468811,18.433313,65.838272,102.465958,19.984682,27.833174,27.833174
1.41,68.044456,101.502571,18.486027,65.998711,102.507347,20.022566,27.813532,27.813532
1.42,68.211639,101.536346,18.536228,66.166954,102.546013,20.058445,27.795399,27.795399
1.43,68.385841,101.568825,18.583815,66.341606,102.580482,20.0914,27.780197,27.780197
1.44,68.566269,101.598793,18.628767,66.521858,102.609978,20.120649,27.769005,27.769005
1.45,68.753174,101.625427,18.671089,66.70797,102.634491,20.145691,27.762217,27.762217
1.46,68.947418,101.648453,18.710913,66.900703,102.654457,20.166626,27.759573,27.759573
1.47,69.150063,101.667961,18.748413,67.101082,102.670547,20.183847,27.760618,27.760618
1.48,69.36145,101.684097,18.783888,67.309685,102.683525,20.197788,27.765106,27.765106
1.49,69.581184,101.697136,18.818272,67.526901,102.694473,20.209198,27.773304,27.773304
1.5,69.808571,101.707542,18.853264,67.752983,102.7043,20.218962,27.785559,27.785559
1.51,70.043747,101.715935,18.890835,67.988686,102.713531,20.227814,27.801376,27.801376
1.52,70.288109,101.723015,18.932732,68.23539,102.722412,20.236286,27.819187,27.819187
1.53,70.543213,101.729416,18.979975,68.494278,102.731239,20.244951,27.837635,27.837635
1.54,70.809601,101.735619,19.032682,68.765366,102.740372,20.254488,27.856539,27.856539
1.55,71.086441,101.741951,19.090277,69.04747,102.750122,20.265499,27.877195,27.877195
1.56,71.372772,101.748688,19.151789,69.338928,102.760399,20.278337,27.901228,27.901228
1.57,71.667976,101.756126,19.216408,69.63813,102.770882,20.293158,27.930145,27.930145
1.58,71.97171,101.764671,19.283403,69.943451,102.78112,20.310053,27.965502,27.965502
1.59,72.284012,101.774872,19.351877,70.25386,102.791092,20.329285,28.008551,28.008551
1.6,72.605721,101.78756,19.420847,70.569588,102.801407,20.35145,28.059555,28.059555
1.61,72.938484,101.803421,19.489504,70.892342,102.813194,20.377316,28.117329,28.117329
1.62,73.284523,101.823044,19.557337,71.224548,102.827637,20.40752,28.179689,28.179689
1.63,73.646347,101.846794,19.623922,71.568581,102.845665,20.442671,28.244175,28.244175
1.64,74.026344,101.874756,19.68889,71.92672,102.86792,20.483551,28.308311,28.308311
1.65,74.426285,101.906715,19.752079,72.301086,102.894753,20.531176,28.369713,28.369713
1.66,74.846619,101.94207,19.813402,72.693069,102.926208,20.586508,28.426798,28.426798
1.67,75.286263,101.980103,19.872942,73.102539,102.962067,20.650217,28.479525,28.479525
1.68,75.742455,102.019859,19.930941,73.527771,103.001801,20.72242,28.5294,28.5294
1.69,76.211327,102.06041,19.987885,73.9664,103.044975,20.802797,28.578524,28.578524
1.7,76.689598,102.101311,20.044569,74.416679,103.091393,20.890524,28.628529,28.628529
1.71,77.176239,102.143036,20.10239,74.878151,103.140717,20.984097,28.6796,28.6796
1.72,77.672722,102.187004,20.163303,75.351456,103.192413,21.081753,28.730665,28.730665
1.73,78.181358,102.234924,20.229525,75.83754,103.2463,21.182419,28.78019,28.78019
1.74,78.704002,102.288109,20.30307,76.336945,103.303001,21.286175,28.826912,28.826912
1.75,79.241081,102.347115,20.385553,76.848999,103.363663,21.393797,28.870615,28.870615
1.76,79.791275,102.411362,20.477707,77.371254,103.429573,21.506084,28.912973,28.912973
1.77,80.352089,102.479187,20.579,77.899857,103.501678,21.623339,28.957598,28.957598
1.78,80.921097,102.54818,20.68759,78.431053,103.580574,21.745554,29.009005,29.009005
1.79,81.496674,102.615662,20.801085,78.962303,103.666367,21.872751,29.071857,29.071857
1.8,82.078102,102.679367,20.917782,79.492722,103.757965,22.004515,29.150227,29.150227
1.81,82.665741,102.737701,21.037279,80.023216,103.852341,22.139425,29.246132,29.246132
1.82,83.261047,102.789757,21.161139,80.556549,103.944519,22.275021,29.356972,29.356972
1.83,83.865738,102.834938,21.292278,81.096718,104.028648,22.40851,29.474087,29.474087
1.84,84.480423,102.872498,21.433582,81.648048,104.099136,22.53681,29.5856,29.5856
1.85,85.104225,102.901237,21.58614,82.214684,104.151657,22.656361,29.680843,29.680843
1.86,85.735527,102.919083,21.747683,82.800415,104.183548,22.763563,29.751354,29.751354
1.87,86.372375,102.922829,21.912371,83.407799,104.193611,22.856455,29.789787,29.789787
1.88,87.01194,102.908386,22.071709,84.03701,104.18203,22.93651,29.790689,29.790689
1.89,87.650406,102.871323,22.216442,84.68531,104.149712,23.008627,29.752878,29.752878
1.9,88.283173,102.80825,22.339203,85.346581,104.097557,23.079651,29.681246,29.681246
1.91,88.904961,102.717667,22.436386,86.010933,104.026299,23.156689,29.585911,29.585911
1.92,89.509789,102.600143,22.508783,86.665863,103.936874,23.245979,29.478247,29.478247
1.93,90.091652,102.458099,22.560886,87.298355,103.830917,23.352879,29.367046,29.367046
1.94,90.645065,102.295799,22.599943,87.896324,103.710976,23.481695,29.257961,29.257961
1.95,91.165207,102.119141,22.634829,88.449753,103.580086,23.634676,29.155645,29.155645
1.96,91.648506,101.935074,22.674686,88.952171,103.440971,23.810738,29.065279,29.065279
1.97,92.092628,101.750053,22.726643,89.40081,103.295227,24.005575,28.992517,28.992517
1.98,92.495979,101.568764,22.793251,89.79512,103.142937,24.213171,28.942005,28.942005
1.99,92.856483,101.393684,22.871824,90.135048,102.982651,24.426878,28.915466,28.915466
2,93.171181,101.225883,22.957922,90.420685,102.812737,24.640724,28.910088,28.910088
2.01,93.436447,101.064934,23.049623,90.652008,102.632622,24.850767,28.919168,28.919168
2.02,93.647934,100.907585,23.148077,90.828522,102.442528,25.054865,28.934877,28.934877
2.03,93.801338,100.749405,23.25563,90.949196,102.241631,25.250956,28.950678,28.950678
2.04,93.893288,100.587196,23.374443,91.012932,102.027054,25.436218,28.963034,28.963034
2.05,93.923058,100.420021,23.506376,91.019798,101.794563,25.607605,28.97105,28.97105
2.06,93.893753,100.247955,23.652323,90.972969,101.540215,25.763077,28.974178,28.974178
2.07,93.81234,100.070473,23.811443,90.879616,101.262428,25.904566,28.969423,28.969423
2.08,93.68808,99.885689,23.981699,90.749046,100.964127,26.041386,28.95046,28.95046
2.09,93.529564,99.690178,24.160782,90.5886,100.651489,26.188299,28.909601,28.909601
2.1,93.342583,99.479149,24.346649,90.401466,100.328171,26.357121,28.840519,28.840519
2.11,93.130493,99.247406,24.537447,90.188057,99.991943,26.551571,28.739086,28.739086
2.12,92.895111,98.989922,24.730968,89.948128,99.636589,26.768661,28.603178,28.603178
2.13,92.636337,98.702065,24.924431,89.680641,99.25499,27.001928,28.433023,28.433023
2.14,92.35154,98.379524,25.114805,89.38327,98.84079,27.24304,28.231529,28.231529
2.15,92.036942,98.018829,25.299477,89.054108,98.389824,27.484028,28.002634,28.002634
2.16,91.689034,97.618446,25.477251,88.692513,97.900719,27.719788,27.750086,27.750086
2.17,91.305382,97.179321,25.648129,88.297699,97.372429,27.947489,27.477755,27.477755
2.18,90.884621,96.70433,25.812502,87.867569,96.800804,28.162912,27.19026,27.19026
2.19,90.425987,96.197472,25.970974,87.39946,96.178352,28.358982,26.89209,26.89209
2.2,89.928558,95.663498,26.125238,86.890503,95.498047,28.530476,26.586977,26.586977
2.21,89.391495,95.107063,26.27783,86.337799,94.75602,28.677744,26.277321,26.277321
2.22,88.814209,94.531685,26.431059,85.738556,93.951157,28.803686,25.964655,25.964655
2.23,88.196396,93.939323,26.585772,85.090782,93.084335,28.908581,25.650249,25.650249
2.24,87.538033,93.329857,26.740379,84.394409,92.159958,28.989491,25.335629,25.335629
2.25,86.839935,92.701233,26.891155,83.653816,91.190491,29.043116,25.021883,25.021883
2.26,86.10453,92.051277,27.034754,82.878281,90.197121,29.069128,24.708525,24.708525
2.27,85.335831,91.380318,27.171043,82.077751,89.202545,29.072874,24.393351,24.393351
2.28,84.538429,90.691589,27.301863,81.258438,88.222763,29.064713,24.073772,24.073772
2.29,83.71563,89.988129,27.427708,80.422493,87.264877,29.056372,23.747931,23.747931
2.3,82.868347,89.270515,27.547651,79.570236,86.329704,29.05761,23.414795,23.414795
2.31,81.996643,88.538803,27.661627,78.701881,85.415436,29.074606,23.073782,23.073782
2.32,81.101471,87.795326,27.771353,77.817459,84.518898,29.108648,22.725262,22.725262
2.33,80.184242,87.043381,27.878696,76.915794,83.634941,29.157125,22.370483,22.370483
2.34,79.245567,86.284225,27.983921,75.994057,82.754997,29.215792,22.010853,22.010853
2.35,78.285141,85.515755,28.085371,75.049034,81.868904,29.280788,21.647047,21.647047
2.36,77.302322,84.733887,28.180769,74.078972,80.968765,29.349388,21.278559,21.278559
2.37,76.297432,83.935722,28.268925,73.084259,80.050514,29.420053,20.903605,20.903605
2.38,75.27224,83.121384,28.350061,72.066528,79.112846,29.491947,20.519714,20.519714
2.39,74.229668,82.293892,28.425409,71.028259,78.157539,29.564413,20.124716,20.124716
2.4,73.173439,81.456917,28.495985,69.972488,77.187752,29.636618,19.717451,19.717451
2.41,72.106377,80.611389,28.56142,68.901848,76.205101,29.707205,19.298979,19.298979
2.42,71.028923,79.753983,28.619707,67.818336,75.208649,29.773802,18.871979,18.871979
2.43,69.940155,78.879463,28.667912,66.723343,74.196053,29.833105,18.439655,18.439655
2.44,68.838997,77.983482,28.70322,65.617043,73.164124,29.881859,18.005239,18.005239
2.45,67.724503,77.063354,28.723494,64.498535,72.109879,29.917618,17.57148,17.57148
2.46,66.595879,76.117867,28.727556,63.366383,71.031326,29.938341,17.139708,17.139708
2.47,65.453499,75.147507,28.715527,62.220005,69.927948,29.94235,16.708136,16.708136
2.48,64.299164,74.153893,28.688335,61.060318,68.800621,29.928728,16.271658,16.271658
2.49,63.135345,73.138458,28.646793,59.889462,67.651085,29.897749,15.823663,15.823663
2.5,61.964069,72.101715,28.590853,58.709999,66.481918,29.850693,15.358793,15.358793
2.51,60.78651,71.043381,28.519579,57.524323,65.296112,29.788904,14.874411,14.874411
2.52,59.602627,69.962769,28.431616,56.334152,64.096451,29.713137,14.37086,14.37086
2.53,58.411667,68.859039,28.32559,55.14045,62.884842,29.623343,13.850492,13.850492
2.54,57.21373,67.731346,28.200073,53.944164,61.662006,29.518988,13.31573,13.31573
2.55,56.010147,66.578857,28.053881,52.746574,60.426956,29.398582,12.767422,12.767422
2.56,54.80201,65.401031,27.88633,51.547638,59.17691,29.259563,12.205211,12.205211
2.57,53.589329,64.197937,27.69713,50.345337,57.908298,29.098064,11.629193,11.629193
2.58,52.371616,62.970402,27.486317,49.13678,56.618755,28.91007,11.041982,11.041982
2.59,51.148567,61.719875,27.254259,47.919834,55.308495,28.692791,10.449222,10.449222
2.6,49.91988,60.448456,27.002031,46.693249,53.980431,28.445871,9.857645,9.857645
2.61,48.685417,59.159569,26.731888,45.456459,52.639507,28.170782,9.272329,9.272329
2.62,47.446266,57.85767,26.447048,44.210598,51.291698,27.869488,8.694818,8.694818
2.63,46.20673,56.547199,26.150715,42.960667,49.942589,27.543858,8.12215,8.12215
2.64,44.975258,55.23167,25.844891,41.716366,48.595657,27.19541,7.546475,7.546475
2.65,43.761246,53.913418,25.530367,40.489498,47.253143,26.824778,6.957677,6.957677
2.66,42.570053,52.594021,25.207777,39.288548,45.91724,26.431452,6.348363,6.348363
2.67,41.401981,51.274921,24.878134,38.116096,44.59042,26.01519,5.716044,5.716044
2.68,40.25552,49.95829,24.542862,36.971386,43.275829,25.578123,5.061846,5.061846
2.69,39.12999,48.646904,24.203594,35.853916,41.977451,25.125433,4.388947,4.388947
2.7,38.02533,47.34359,23.862005,34.763763,40.698864,24.664276,3.703089,3.703089
2.71,36.940971,46.050514,23.519341,33.700459,39.441578,24.201906,3.012213,3.012213
2.72,35.876118,44.769184,23.175947,32.662941,38.203918,23.743889,2.323813,2.323813
2.73,34.830555,43.50045,22.831142,31.650604,36.981422,23.293327,1.642329,1.642329
2.74,33.804661,42.245289,22.484257,30.663151,35.769154,22.851168,0.969528,0.969528
2.75,32.798183,41.005032,22.135317,29.699326,34.563999,22.417019,0.305998,0.305998
2.76,31.809238,39.781506,21.785353,28.756117,33.366547,21.990343,-0.347585,-0.347585
2.77,30.834831,38.576504,21.435715,27.829456,32.182251,21.571358,-0.990153,-0.990153
2.78,29.873055,37.391739,21.087265,26.915392,31.020178,21.161629,-1.620541,-1.620541
2.79,28.924597,36.229229,20.740429,26.011179,29.888798,20.763206,-2.237913,-2.237913
2.8,27.991259,35.090462,20.395308,25.116159,28.792894,20.377426,-2.841244,-2.841244
2.81,27.073664,33.975349,20.051603,24.231262,27.733755,20.004511,-3.428441,-3.428441
2.82,26.170753,32.882107,19.708836,23.357368,26.709494,19.643362,-3.996315,-3.996315
2.83,25.280552,31.808231,19.366848,22.494116,25.715712,19.292091,-4.541292,-4.541292
2.84,24.401325,30.751694,19.026051,21.640181,24.746952,18.948664,-5.060659,-5.060659
2.85,23.532101,29.711552,18.687681,20.79401,23.798105,18.611952,-5.553285,-5.553285
2.86,22.673349,28.687717,18.353552,19.955297,22.865351,18.282331,-6.020466,-6.020466
2.87,21.827383,27.679747,18.025085,19.126408,21.946739,17.961269,-6.466611,-6.466611
2.88,20.998905,26.686832,17.702848,18.312963,21.042694,17.650475,-6.899105,-6.899105
2.89,20.194483,25.708338,17.386557,17.522196,20.155285,17.351358,-7.326355,-7.326355
2.9,19.419922,24.743967,17.075485,16.759298,19.286549,17.065361,-7.754492,-7.754492
2.91,18.677134,23.793728,16.769274,16.024527,18.43685,16.79381,-8.184966,-8.184966
2.92,17.963352,22.857653,16.468525,15.313653,17.605034,16.53735,-8.614568,-8.614568
2.93,17.272934,21.935684,16.174686,14.620742,16.789568,16.296064,-9.037018,-9.037018
2.94,16.599314,21.02706,15.889192,13.940273,15.988919,16.070229,-9.444657,-9.444657
2.95,15.936923,20.129356,15.612724,13.269756,15.201694,15.85994,-9.830829,-9.830829
2.96,15.282364,19.238005,15.344666,12.610999,14.426414,15.66399,-10.191858,-10.191858
2.97,14.634785,18.348688,15.083662,11.968258,13.662121,15.479592,-10.526834,-10.526834
2.98,13.995604,17.460764,14.828624,11.344685,12.909043,15.30359,-10.836345,-10.836345
2.99,13.368328,16.578445,14.579412,10.741659,12.168671,15.133023,-11.121788,-11.121788
3,12.75827,15.708849,14.336711,10.161109,11.442855,14.964593,-11.385493,-11.385493
3.01,12.171884,14.859512,14.101192,9.607257,10.734054,14.794565,-11.630848,-11.630848
3.02,11.614947,14.037188,13.87314,9.085093,10.045759,14.619257,-11.860934,-11.860934
3.03,11.090946,13.247292,13.652331,8.597806,9.382409,14.436182,-12.077628,-12.077628
3.04,10.601078,12.494775,13.438679,8.145345,8.748121,14.245161,-12.281182,-12.281182
3.05,10.145875,11.785315,13.232828,7.724968,8.145317,14.048792,-12.470974,-12.470974
3.06,9.725389,11.124983,13.036192,7.331678,7.573938,13.85149,-12.645737,-12.645737
3.07,9.338459,10.518284,12.850099,6.95869,7.031098,13.657945,-12.803529,-12.803529
3.08,8.982456,9.966516,12.67538,6.59868,6.511197,13.471384,-12.94225,-12.94225
3.09,8.65369,9.466681,12.511841,6.245685,6.007371,13.292689,-13.060553,-13.060553
3.1,8.348527,9.011929,12.358166,5.897102,5.51423,13.121501,-13.158939,-13.158939
3.11,8.064276,8.593418,12.212454,5.554412,5.0303,12.957848,-13.240457,-13.240457
3.12,7.799873,8.202692,12.072768,5.223513,4.560301,12.803655,-13.3108,-13.3108
3.13,7.555941,7.833605,11.937806,4.91383,4.114986,12.662984,-13.377609,-13.377609
3.14,7.334688,7.483317,11.807173,4.635936,3.707474,12.540682,-13.449393,-13.449393
3.15,7.139234,7.152392,11.681514,4.398295,3.348565,12.440293,-13.533675,-13.533675
3.16,6.972834,6.844124,11.562629,4.205534,3.044416,12.363116,-13.635533,-13.635533
3.17,6.837956,6.563419,11.453331,4.058576,2.797212,12.308964,-13.757154,-13.757154
3.18,6.735639,6.315612,11.356881,3.955728,2.606573,12.276929,-13.898154,-13.898154
3.19,6.665172,6.10509,11.275974,3.893236,2.469869,12.265396,-14.056315,-14.056315
3.2,6.623678,5.933539,11.211906,3.865199,2.381773,12.27236,-14.228238,-14.228238
3.21,6.605599,5.798496,11.163967,3.863898,2.334322,12.296238,-14.409688,-14.409688
3.22,6.602629,5.69326,11.129451,3.880579,2.318276,12.336156,-14.595988,-14.595988
3.23,6.604662,5.608622,11.104519,3.906382,2.32519,12.390916,-14.782075,-14.782075
3.24,6.601442,5.535048,11.08501,3.933105,2.348582,12.457788,-14.962455,-14.962455
3.25,6.58376,5.464108,11.067126,3.953137,2.38343,12.532695,-15.131183,-15.131183
3.26,6.543881,5.388713,11.047607,3.959597,2.425766,12.611252,-15.282101,-15.282101
3.27,6.475207,5.303006,11.02387,3.946533,2.472684,12.689888,-15.409225,-15.409225
3.28,6.372474,5.202082,10.994099,3.909712,2.521897,12.765673,-15.507632,-15.507632
3.29,6.232164,5.081717,10.957311,3.847174,2.57114,12.836219,-15.574272,-15.574272
3.3,6.053224,4.938597,10.913334,3.759458,2.618411,12.899979,-15.608438,-15.608438
3.31,5.837374,4.770982,10.862795,3.649378,2.662702,12.956572,-15.611852,-15.611852
3.32,5.589148,4.580022,10.80727,3.521405,2.704268,13.007019,-15.588296,-15.588296
3.33,5.316572,4.372316,10.749857,3.381071,2.745013,13.054162,-15.543212,-15.543212
3.34,5.031044,4.161047,10.695503,3.234374,2.788894,13.102629,-15.482807,-15.482807
3.35,4.745465,3.962733,10.649999,3.087323,2.841245,13.157139,-15.413307,-15.413307
3.36,4.471045,3.791423,10.618035,2.945335,2.907086,13.220637,-15.34034,-15.34034
3.37,4.215145,3.65554,10.602139,2.812381,2.98958,13.293582,-15.268227,-15.268227
3.38,3.981251,3.557777,10.60235,2.690734,3.08958,13.374465,-15.199781,-15.199781
3.39,3.770089,3.496492,10.616838,2.580948,3.205271,13.460519,-15.136622,-15.136622
3.4,3.580824,3.467285,10.642812,2.481967,3.33187,13.548161,-15.07957,-15.07957
3.41,3.411755,3.464153,10.67733,2.392041,3.463351,13.633931,-15.028964,-15.028964
3.42,3.260789,3.48069,10.718095,2.310104,3.59526,13.715493,-14.98487,-14.98487
3.43,3.125756,3.510746,10.763576,2.236906,3.727048,13.792366,-14.947412,-14.947412
3.44,3.004015,3.548697,10.812545,2.173996,3.860978,13.865365,-14.916676,-14.916676
3.45,2.892498,3.589934,10.86359,2.122016,3.999762,13.935756,-14.892206,-14.892206
3.46,2.787634,3.630961,10.915096,2.079385,4.144485,14.003932,-14.872327,-14.872327
3.47,2.685801,3.669208,10.965375,2.042584,4.293702,14.068543,-14.854244,-14.854244
3.48,2.583926,3.702723,11.012803,2.006985,4.442891,14.126566,-14.834866,-14.834866
3.49,2.480184,3.729887,11.055569,1.968253,4.585044,14.174511,-14.811872,-14.811872
3.5,2.374635,3.750037,11.092278,1.923743,4.713027,14.210169,-14.784521,-14.784521
3.51,2.269279,3.763612,11.122601,1.873465,4.822415,14.233639,-14.75369,-14.75369
3.52,2.167226,3.772267,11.147816,1.819865,4.912651,14.247357,-14.721519,-14.721519
3.53,2.071446,3.778678,11.170201,1.766559,4.986579,14.25524,-14.690636,-14.690636
3.54,1.984399,3.78619,11.192312,1.717208,5.048701,14.261679,-14.663873,-14.663873
3.55,1.908179,3.798162,11.216393,1.674597,5.103076,14.270417,-14.644233,-14.644233
3.56,1.844617,3.817286,11.243821,1.640212,5.15205,14.283834,-14.634553,-14.634553
3.57,1.795057,3.84509,11.274668,1.614145,5.195854,14.302197,-14.637042,-14.637042
3.58,1.759678,3.881388,11.30788,1.595191,5.23296,14.323548,-14.652762,-14.652762
3.59,1.737189,3.923855,11.341764,1.581435,5.260905,14.344367,-14.681518,-14.681518
3.6,1.725054,3.968385,11.374606,1.570848,5.277186,14.360816,-14.722115,-14.722115
3.61,1.720343,4.010259,11.405099,1.561771,5.279706,14.369634,-14.772637,-14.772637
3.62,1.720389,4.045266,11.432707,1.553024,5.267046,14.368834,-14.83074,-14.83074
3.63,1.723266,4.070853,11.45785,1.543558,5.238163,14.357783,-14.893772,-14.893772
3.64,1.727963,4.08648,11.481433,1.532416,5.192644,14.336864,-14.959089,-14.959089
3.65,1.734309,4.093524,11.504237,1.518621,5.13073,14.307423,-15.024123,-15.024123
3.66,1.742817,4.094646,11.526527,1.501646,5.053644,14.271736,-15.086737,-15.086737
3.67,1.754031,4.092772,11.548019,1.481189,4.963249,14.232474,-15.145189,-15.145189
3.68,1.768149,4.090465,11.568527,1.457197,4.862101,14.192055,-15.198141,-15.198141
3.69,1.784929,4.089487,11.5883,1.429873,4.753065,14.152205,-15.244707,-15.244707
3.7,1.803784,4.090879,11.608199,1.399534,4.638814,14.113605,-15.284541,-15.284541
3.71,1.824086,4.094875,11.629205,1.366558,4.521055,14.075746,-15.318008,-15.318008
3.72,1.845087,4.100845,11.651944,1.331122,4.40012,14.03707,-15.34585,-15.34585
3.73,1.866148,4.10766,11.676527,1.293488,4.275615,13.995571,-15.368996,-15.368996
3.74,1.886828,4.113628,11.702316,1.254427,4.147621,13.949823,-15.388525,-15.388525
3.75,1.907093,4.116722,11.727969,1.215505,4.017352,13.899527,-15.405775,-15.405775
3.76,1.927552,4.115194,11.751743,1.179172,3.887367,13.845671,-15.422486,-15.422486
3.77,1.949687,4.108449,11.772151,1.148547,3.761102,13.790159,-15.440758,-15.440758
3.78,1.975388,4.096949,11.788137,1.126881,3.642616,13.735346,-15.462737,-15.462737
3.79,2.005708,4.081778,11.799259,1.116377,3.53592,13.683517,-15.489631,-15.489631
3.8,2.040431,4.063822,11.805585,1.1179,3.444098,13.636347,-15.521463,-15.521463
3.81,2.078502,4.043788,11.807772,1.130886,3.368235,13.59468,-15.557267,-15.557267
3.82,2.118613,4.022472,11.80679,1.153618,3.307261,13.558316,-15.595391,-15.595391
3.83,2.15955,4.000731,11.803399,1.183469,3.258261,13.526179,-15.633802,-15.633802
3.84,2.199873,3.979322,11.798189,1.217141,3.217686,13.496884,-15.670115,-15.670115
3.85,2.238121,3.958756,11.791702,1.251374,3.182185,13.469284,-15.702072,-15.702072
3.86,2.272922,3.939191,11.784286,1.283455,3.149067,13.44268,-15.727717,-15.727717
3.87,2.303326,3.920655,11.776035,1.311484,3.116369,13.416785,-15.745789,-15.745789
3.88,2.32888,3.903291,11.76671,1.333998,3.082633,13.391421,-15.755491,-15.755491
3.89,2.349725,3.887614,11.75599,1.349828,3.04676,13.366247,-15.756514,-15.756514
3.9,2.366692,3.874722,11.743618,1.358251,3.008022,13.341018,-15.749166,-15.749166
3.91,2.381164,3.866259,11.729656,1.35916,2.966573,13.316058,-15.734114,-15.734114
3.92,2.394955,3.864271,11.714578,1.353529,2.924153,13.292367,-15.712206,-15.712206
3.93,2.409712,3.870853,11.699388,1.343194,2.884046,13.271165,-15.683883,-15.683883
3.94,2.426758,3.887917,11.685573,1.330472,2.850402,13.253479,-15.649178,-15.649178
3.95,2.446998,3.916721,11.674606,1.317585,2.826745,13.23964,-15.607896,-15.607896
3.96,2.470787,3.957541,11.667373,1.305986,2.814673,13.228957,-15.559707,-15.559707
3.97,2.497997,4.00983,11.664156,1.296288,2.81399,13.22008,-15.504307,-15.504307
3.98,2.527998,4.072262,11.664792,1.288277,2.823047,13.211651,-15.441437,-15.441437
3.99,2.559967,4.143193,11.668885,1.281409,2.839541,13.202803,-15.37112,-15.37112
4,2.593234,4.220903,11.675621,1.275164,2.86077,13.193404,-15.293778,-15.293778
4.01,2.627296,4.303345,11.683659,1.269233,2.883955,13.183548,-15.210322,-15.210322
4.02,2.661188,4.387249,11.691066,1.263551,2.90696,13.173429,-15.121808,-15.121808
4.03,2.69328,4.467642,11.695489,1.258428,2.928547,13.163067,-15.029381,-15.029381
4.04,2.721331,4.538436,11.694633,1.254475,2.948536,13.152391,-14.934157,-14.934157
4.05,2.743321,4.594609,11.687277,1.252462,2.967755,13.141541,-14.837022,-14.837022
4.06,2.758577,4.635088,11.67407,1.252826,2.988064,13.130979,-14.738279,-14.738279
4.07,2.768441,4.664287,11.657581,1.254978,3.011581,13.121195,-14.637473,-14.637473
4.08,2.77566,4.690172,11.640932,1.257395,3.040037,13.112326,-14.533413,-14.533413
4.09,2.782615,4.719721,11.626155,1.258291,3.074192,13.104232,-14.424602,-14.424602
4.1,2.790637,4.756615,11.613881,1.256498,3.113577,13.096779,-14.309617,-14.309617
4.11,2.800613,4.801724,11.603701,1.252128,3.156668,13.090096,-14.187396,-14.187396
4.12,2.813636,4.85467,11.594821,1.246357,3.201013,13.084034,-14.057286,-14.057286
4.13,2.830816,4.914433,11.586287,1.24059,3.243877,13.077737,-13.918787,-13.918787
4.14,2.853161,4.979732,11.577258,1.236225,3.283252,13.069917,-13.771558,-13.771558
4.15,2.880876,5.049094,11.567139,1.234242,3.318674,13.059672,-13.61524,-13.61524
4.16,2.913632,5.121139,11.555426,1.235748,3.351411,13.04702,-13.449634,-13.449634
4.17,2.951007,5.194874,11.541965,1.242218,3.383736,13.032878,-13.274985,-13.274985
4.18,2.992773,5.269778,11.526958,1.255088,3.418014,13.018818,-13.091638,-13.091638
4.19,3.039055,5.346158,11.510841,1.275256,3.456298,13.006619,-12.899814,-12.899814
4.2,3.09045,5.425374,11.494003,1.30291,3.500058,12.997654,-12.699884,-12.699884
4.21,3.147778,5.509324,11.476507,1.338076,3.550711,12.99252,-12.492282,-12.492282
4.22,3.211381,5.599543,11.458509,1.380762,3.609951,12.991167,-12.276742,-12.276742
4.23,3.280685,5.696734,11.440466,1.430871,3.679919,12.993073,-12.051801,-12.051801
4.24,3.354784,5.801318,11.423162,1.488296,3.762816,12.997375,-11.815558,-11.815558
4.25,3.433427,5.914265,11.407454,1.553262,3.86033,13.003133,-11.566486,-11.566486
4.26,3.517239,6.037424,11.39415,1.625883,3.973088,13.009979,-11.303174,-11.303174
4.27,3.60725,6.172633,11.383645,1.706166,4.100763,13.018004,-11.024635,-11.024635
4.28,3.70406,6.320611,11.375595,1.793935,4.242437,13.02738,-10.730376,-10.730376
4.29,3.808005,6.481036,11.369358,1.889271,4.396909,13.037859,-10.42049,-10.42049
4.3,3.92003,6.654022,11.364843,1.992744,4.562953,13.048953,-10.095287,-10.095287
4.31,4.04204,6.840635,11.362574,2.105569,4.739723,13.060387,-9.755375,-9.755375
4.32,4.176957,7.043088,11.363332,2.229829,4.927313,13.072175,-9.401819,-9.401819
4.33,4.329005,7.26538,11.368144,2.368302,5.1264,13.084204,-9.036283,-9.036283
4.34,4.50372,7.513988,11.378664,2.524121,5.338449,13.096558,-8.660731,-8.660731
4.35,4.706819,7.796443,11.397014,2.700263,5.565704,13.109742,-8.276899,-8.276899
4.36,4.943511,8.119554,11.425359,2.899689,5.811089,13.124672,-7.886356,-7.886356
4.37,5.218576,8.488164,11.465512,3.125861,6.077593,13.142144,-7.491234,-7.491234
4.38,5.536364,8.9042,11.518837,3.383027,6.367905,13.162879,-7.094882,-7.094882
4.39,5.900556,9.365911,11.585801,3.676853,6.685166,13.187771,-6.702189,-6.702189
4.4,6.314425,9.869482,11.665778,4.014219,7.033365,13.218008,-6.318965,-6.318965
4.41,6.781931,10.412082,11.757581,4.402395,7.416728,13.255063,-5.951179,-5.951179
4.42,7.307171,10.992901,11.860158,4.847316,7.839078,13.300654,-5.603418,-5.603418
4.43,7.893135,11.612254,11.972682,5.352204,8.302693,13.356434,-5.277668,-5.277668
4.44,8.540709,12.270151,12.09433,5.917623,8.807929,13.423637,-4.973164,-4.973164
4.45,9.248897,12.965964,12.224551,6.542191,9.352869,13.503114,-4.687216,-4.687216
4.46,10.014676,13.698436,12.363507,7.222999,9.933907,13.595607,-4.415527,-4.415527
4.47,10.831704,14.464869,12.511539,7.954986,10.546444,13.701937,-4.151299,-4.151299
4.48,11.689296,15.259768,12.66791,8.730767,11.185978,13.823013,-3.88507,-3.88507
4.49,12.574082,16.074524,12.830111,9.542006,11.848347,13.959213,-3.606423,-3.606423
4.5,13.47362,16.898304,12.994112,10.381377,12.529029,14.109693,-3.306456,-3.306456
4.51,14.379406,17.719463,13.154992,11.243872,13.222885,14.272292,-2.979542,-2.979542
4.52,15.287297,18.527269,13.307727,12.126789,13.92532,14.444132,-2.623332,-2.623332
4.53,16.195604,19.313576,13.448329,13.02875,14.633672,14.622314,-2.237639,-2.237639
4.54,17.102507,20.074409,13.575526,13.948175,15.347541,14.803853,-1.822909,-1.822909
4.55,18.005779,20.810852,13.691149,14.882261,16.06843,14.985141,-1.379615,-1.379615
4.56,18.905054,21.528538,13.798826,15.82822,16.798553,15.161251,-0.908901,-0.908901
4.57,19.803501,22.236183,13.901917,16.784876,17.539877,15.326614,-0.413234,-0.413234
4.58,20.707119,22.94392,14.002762,17.752342,18.293957,15.477031,0.10418,0.10418
4.59,21.62327,23.661404,14.102726,18.731066,19.061049,15.611353,0.639968,0.639968
4.6,22.559294,24.396471,14.202903,19.722034,19.83979,15.732027,1.190373,1.190373
4.61,23.520849,25.154135,14.304464,20.726892,20.628111,15.844099,1.751758,1.751758
4.62,24.51082,25.936325,14.408669,21.747709,21.424702,15.953749,2.320859,2.320859
4.63,25.529057,26.741543,14.516409,22.786718,22.229263,16.066971,2.894549,2.894549
4.64,26.572317,27.564953,14.627714,23.845711,23.042038,16.18833,3.470045,3.470045
4.65,27.635168,28.399876,14.741561,24.925594,23.86492,16.320496,4.045496,4.045496
4.66,28.711807,29.24008,14.856322,26.026539,24.702761,16.464025,4.620682,4.620682
4.67,29.798323,30.08181,14.97073,27.148407,25.56171,16.617712,5.19679,5.19679
4.68,30.893272,30.924023,15.084164,28.290096,26.444786,16.779114,5.776535,5.776535
4.69,31.996355,31.767578,15.196694,29.447947,27.347733,16.945131,6.364633,6.364633
4.7,33.106968,32.613964,15.308741,30.615473,28.258375,17.112301,6.966574,6.966574
4.71,34.224293,33.464115,15.42033,31.785337,29.159986,17.27696,7.585108,7.585108
4.72,35.347542,34.317657,15.530643,32.952217,30.037092,17.435608,8.217288,8.217288
4.73,36.47551,35.172848,15.637913,34.114418,30.880033,17.585413,8.855337,8.855337
4.74,37.606216,36.027317,15.73995,35.273907,31.688143,17.724979,9.491101,9.491101
4.75,38.738197,36.879303,15.835023,36.434921,32.469925,17.854532,10.119413,10.119413
4.76,39.87252,37.728477,15.922507,37.60183,33.23893,17.975666,10.737265,10.737265
4.77,41.012794,38.576229,16.003094,38.77702,34.006977,18.090189,11.342407,11.342407
4.78,42.162704,39.424973,16.078457,39.959988,34.780701,18.199009,11.9336,11.9336
4.79,43.324043,40.277317,16.150728,41.14819,35.563694,18.302275,12.510625,12.510625
4.8,44.496128,41.135521,16.221691,42.338192,36.360065,18.400465,13.074958,13.074958
4.81,45.676491,42.001186,16.292356,43.52721,37.176289,18.495033,13.630007,13.630007
4.82,46.861698,42.874317,16.362486,44.714943,38.021179,18.588327,14.179687,14.179687
4.83,48.048435,43.752674,16.430666,45.904419,38.903049,18.682396,14.725628,14.725628
4.84,49.234116,44.631844,16.494688,47.100018,39.825821,18.778017,15.266554,15.266554
4.85,50.417183,45.507065,16.552868,48.304695,40.786762,18.874701,15.799491,15.799491
4.86,51.597317,46.375038,16.605076,49.518509,41.775486,18.971397,16.32061,16.32061
4.87,52.775608,47.235527,16.653667,50.738808,42.77515,19.067501,16.825365,16.825365
4.88,53.953804,48.091011,16.703377,51.960823,43.764904,19.163656,17.309372,17.309372
4.89,55.132545,48.945717,16.760235,53.17783,44.725113,19.26211,17.769775,17.769775
4.9,56.310448,49.804771,16.830143,54.382847,45.645058,19.366417,18.205322,18.205322
4.91,57.484386,50.673569,16.917782,55.57056,46.527134,19.480415,18.616117,18.616117
4.92,58.649975,51.556343,17.025806,56.73761,47.383392,19.607231,19.004566,19.004566
4.93,59.802082,52.454929,17.154627,57.881783,48.22863,19.748446,19.376236,19.376236
4.94,60.935429,53.368446,17.301888,59.000801,49.075848,19.904303,19.739344,19.739344
4.95,62.044872,54.294071,17.463274,60.09169,49.934486,20.073969,20.103376,20.103376
4.96,63.125591,55.227894,17.63409,61.151169,50.80978,20.255642,20.477146,20.477146
4.97,64.173363,56.165249,17.810211,62.176865,51.703537,20.446617,20.866385,20.866385
4.98,65.185043,57.101456,17.988686,63.168247,52.616394,20.643875,21.272272,21.272272
4.99,66.159592,58.03307,18.168264,64.12693,53.54855,20.84457,21.691204,21.691204
5,67.098373,58.959236,18.349792,65.055801,54.497711,21.046108,22.116106,22.116106
5.01,68.004456,59.881912,18.535749,65.958305,55.459599,21.246946,22.538832,22.538832
5.02,68.880882,60.804985,18.729338,66.838066,56.433029,21.446899,22.952648,22.952648
5.03,69.730042,61.733067,18.933495,67.698608,57.421432,21.647045,23.353495,23.353495
5.04,70.55394,62.670586,19.150141,68.54287,58.430241,21.849136,23.739893,23.739893
5.05,71.35421,63.621422,19.380325,69.372223,59.463669,22.054932,24.113426,24.113426
5.06,72.132332,64.588501,19.624397,70.186699,60.52367,22.266003,24.477655,24.477655
5.07,72.889465,65.573006,19.881769,70.985825,61.610565,22.483376,24.836096,24.836096
5.08,73.62645,66.573906,20.150908,71.769035,62.723076,22.70682,25.190533,25.190533
5.09,74.343521,67.588211,20.429447,72.535004,63.857124,22.934862,25.541037,25.541037
5.1,75.040543,68.61171,20.714289,73.281448,65.00528,23.165674,25.886211,25.886211
5.11,75.717476,69.640251,21.002129,74.005745,66.158905,23.398022,26.224001,26.224001
5.12,76.374825,70.67067,21.289976,74.706055,67.311325,23.630371,26.55282,26.55282
5.13,77.013779,71.700165,21.574781,75.382263,68.458847,23.860209,26.871971,26.871971
5.14,77.636681,72.725159,21.852091,76.036263,69.598572,24.083508,27.181133,27.181133
5.15,78.247597,73.741653,22.116276,76.672028,70.727066,24.295813,27.479481,27.479481
5.16,78.852219,74.745934,22.361763,77.295387,71.841469,24.49362,27.765083,27.765083
5.17,79.456818,75.734787,22.584124,77.913696,72.941444,24.674913,28.034662,28.034662
5.18,80.067223,76.705261,22.780521,78.535431,74.029884,24.838823,28.283966,28.283966
5.19,80.68782,77.654823,22.949787,79.168625,75.111168,24.98521,28.509127,28.509127
5.2,81.320694,78.581436,23.091885,79.817627,76.186668,25.114489,28.708645,28.708645
5.21,81.964973,79.483749,23.207964,80.480721,77.25206,25.227814,28.884611,28.884611
5.22,82.616905,80.361404,23.301006,81.150452,78.298126,25.327007,29.042551,29.042551
5.23,83.270813,81.214897,23.375624,81.816422,79.31488,25.414831,29.190794,29.190794
5.24,83.920807,82.044991,23.436939,82.468994,80.295631,25.49472,29.339008,29.339008
5.25,84.562454,82.852142,23.488941,83.101906,81.2388,25.570229,29.49542,29.49542
5.26,85.193283,83.636612,23.533514,83.712807,82.147232,25.644245,29.664669,29.664669
5.27,85.812523,84.398605,23.570454,84.30262,83.026306,25.718344,29.847305,29.847305
5.28,86.420753,85.138634,23.598547,84.874382,83.881485,25.792421,30.040312,30.040312
5.29,87.019089,85.857773,23.616674,85.430969,84.716072,25.865454,30.238504,30.238504
5.3,87.608124,86.557678,23.624319,85.973228,85.530296,25.936598,30.436466,30.436466
5.31,88.186417,87.239914,23.621607,86.499222,86.322784,26.005974,30.630331,30.630331
5.32,88.750023,87.905548,23.60944,87.005096,87.092987,26.074705,30.81883,30.81883
5.33,89.293037,88.555061,23.588961,87.485779,87.842308,26.144651,31.003502,31.003502
5.34,89.809273,89.188805,23.561451,87.935989,88.573288,26.217911,31.187279,31.187279
5.35,90.293068,89.807159,23.52779,88.351112,89.288658,26.295374,31.373032,31.373032
5.36,90.739845,90.410667,23.488636,88.728462,89.991241,26.375015,31.562096,31.562096
5.37,91.146187,90.999977,23.444698,89.068314,90.684097,26.45133,31.753321,31.753321
5.38,91.510139,91.576065,23.396967,89.37336,91.37011,26.516964,31.943661,31.943661
5.39,91.831169,92.140244,23.346979,89.647011,92.050873,26.564371,32.129307,32.129307
5.4,92.109909,92.693916,23.296623,89.891563,92.726273,26.587507,32.306515,32.306515
5.41,92.34758,93.238243,23.247744,90.10788,93.395065,26.582859,32.472469,32.472469
5.42,92.546173,93.77446,23.20212,90.296722,94.056,26.550508,32.625191,32.625191
5.43,92.708382,94.303764,23.161356,90.45977,94.708542,26.494583,32.762939,32.762939
5.44,92.837227,94.82708,23.126686,90.599579,95.353203,26.422655,32.883747,32.883747
5.45,92.935287,95.343948,23.098,90.719154,95.990608,26.343016,32.98568,32.98568
5.46,93.003967,95.85215,23.073465,90.820717,96.620537,26.262333,33.068024,33.068024
5.47,93.043694,96.34819,23.050081,90.904976,97.241631,26.184383,33.131584,33.131584
5.48,93.055344,96.828575,23.024977,90.971939,97.852066,26.110207,33.177643,33.177643
5.49,93.041748,97.291153,22.996283,91.02195,98.449631,26.038418,33.206547,33.206547
5.5,93.007294,97.735435,22.962868,91.055252,99.031906,25.966494,33.217979,33.217979
5.51,92.957092,98.162422,22.924318,91.071793,99.596603,25.892151,33.211597,33.211597
5.52,92.895691,98.573776,22.880793,91.071007,100.142258,25.814951,33.187576,33.187576
5.53,92.825829,98.97097,22.832958,91.052399,100.66864,25.736553,33.146667,33.146667
5.54,92.747757,99.354156,22.781527,91.016014,101.176224,25.659431,33.08997,33.08997
5.55,92.659294,99.721581,22.727249,90.962173,101.664803,25.585783,33.018932,33.018932
5.56,92.556541,100.069321,22.670668,90.89061,102.132248,25.517756,32.935604,32.935604
5.57,92.435081,100.391525,22.611881,90.79995,102.573326,25.457102,32.842346,32.842346
5.58,92.29097,100.68071,22.550312,90.688393,102.979446,25.403841,32.74073,32.74073
5.59,92.120911,100.92775,22.484158,90.554367,103.339096,25.354546,32.631222,32.631222
5.6,91.922127,101.122765,22.410294,90.396736,103.639374,25.302553,32.514343,32.514343
5.61,91.69191,101.25634,22.324495,90.214752,103.868553,25.239731,32.391911,32.391911
5.62,91.427925,101.322083,22.222811,90.007767,104.018791,25.158756,32.267307,32.267307
5.63,91.128685,101.318954,22.103172,89.774841,104.087845,25.054577,32.145153,32.145153
5.64,90.794075,101.252525,21.96652,89.514648,104.079895,24.92528,32.030556,32.030556
5.65,90.426224,101.13488,21.817001,89.226509,104.005737,24.772533,31.92753,31.92753
5.66,90.030006,100.983215,21.660969,88.911346,103.882019,24.60161,31.83744,31.83744
5.67,89.613182,100.817535,21.505409,88.572342,103.729431,24.420856,31.758411,31.758411
5.68,89.185387,100.657364,21.356304,88.214989,103.569565,24.239809,31.686863,31.686863
5.69,88.755989,100.51828,21.217304,87.846115,103.421677,24.066948,31.619968,31.619968
5.7,88.332466,100.410652,21.08993,87.472328,103.300491,23.908176,31.555815,31.555815
5.71,87.919693,100.340401,20.974674,87.098434,103.215561,23.76688,31.491922,31.491922
5.72,87.520363,100.310043,20.871939,86.726768,103.171303,23.644361,31.424177,31.424177
5.73,87.135643,100.319008,20.781815,86.357529,103.167717,23.540232,31.346746,31.346746
5.74,86.766022,100.363892,20.703955,85.98999,103.201286,23.452885,31.253296,31.253296
5.75,86.411285,100.439209,20.637484,85.623123,103.26609,23.380404,31.139317,31.139317
5.76,86.070396,100.538086,20.581095,85.256104,103.354469,23.320772,31.003544,31.003544
5.77,85.741722,100.652702,20.532841,84.888214,103.45726,23.271355,30.847589,30.847589
5.78,85.423065,100.774826,20.490496,84.518524,103.56411,23.229176,30.675093,30.675093
5.79,85.111137,100.896423,20.451954,84.145569,103.664848,23.191952,30.490623,30.490623
5.8,84.80127,101.010132,20.415499,83.767342,103.75087,23.158419,30.299023,30.299023
5.81,84.488113,101.110039,20.380054,83.381958,103.816147,23.127871,30.104424,30.104424
5.82,84.167046,101.192421,20.345364,82.988411,103.857101,23.099102,29.909534,29.909534
5.83,83.835045,101.25589,20.311626,82.587036,103.872612,23.06999,29.716114,29.716114
5.84,83.491249,101.301186,20.279102,82.179443,103.864159,23.03772,29.526167,29.526167
5.85,83.137154,101.330864,20.248167,81.768402,103.836044,22.999636,29.342875,29.342875
5.86,82.775932,101.348923,20.219534,81.35685,103.794296,22.953827,29.170654,29.170654
5.87,82.411484,101.360313,20.194128,80.946877,103.74498,22.899261,29.01329,29.01329
5.88,82.047379,101.370071,20.172586,80.539154,103.692574,22.835667,28.872808,28.872808
5.89,81.686844,101.382256,20.154846,80.133934,103.640266,22.763508,28.748789,28.748789
5.9,81.332649,101.399132,20.140085,79.731895,103.590622,22.683744,28.638803,28.638803
5.91,80.986702,101.421074,20.127115,79.334206,103.545418,22.597603,28.539318,28.539318
5.92,80.649544,101.446785,20.114458,78.941879,103.505104,22.506897,28.447138,28.447138
5.93,80.320724,101.474167,20.10066,78.555389,103.468353,22.41444,28.35964,28.35964
5.94,79.999222,101.500992,20.084457,78.174316,103.432312,22.323589,28.274965,28.274965
5.95,79.683441,101.525322,20.065104,77.797653,103.3936,22.236492,28.192301,28.192301
5.96,79.37043,101.545601,20.042719,77.423637,103.349258,22.153152,28.112976,28.112976
5.97,79.056305,101.560631,20.018242,77.050217,103.297249,22.072325,28.040369,28.040369
5.98,78.738327,101.569862,19.993084,76.676537,103.236832,21.992355,27.978327,27.978327
5.99,78.416504,101.573555,19.968489,76.303993,103.168968,21.911911,27.929386,27.929386
6,78.093468,101.572647,19.944855,75.93557,103.095924,21.830084,27.894232,27.894232
6.01,77.772812,101.568321,19.921806,75.574364,103.020798,21.746487,27.871769,27.871769
6.02,77.457542,101.561905,19.898909,75.22242,102.946579,21.66124,27.860205,27.860205
6.03,77.149971,101.554802,19.876348,74.880852,102.875481,21.575008,27.857315,27.857315
6.04,76.852005,101.548401,19.854853,74.550522,102.808617,21.488852,27.860531,27.860531
6.05,76.565315,101.543816,19.835268,74.232506,102.746117,21.403599,27.867039,27.867039
6.06,76.29068,101.541824,19.818014,73.927551,102.687172,21.319286,27.874363,27.874363
6.07,76.028084,101.542732,19.802658,73.635773,102.630386,21.234882,27.880299,27.880299
6.08,75.777161,101.546455,19.7882,73.357269,102.574257,21.148521,27.882528,27.882528
6.09,75.536987,101.552345,19.773554,73.091812,102.517426,21.058218,27.879551,27.879551
6.1,75.305702,101.55925,19.757771,72.83815,102.458511,20.96278,27.871447,27.871447
6.11,75.081306,101.565887,19.740036,72.594414,102.396484,20.862312,27.859509,27.859509
6.12,74.862366,101.571388,19.719671,72.359192,102.331566,20.758327,27.84535,27.84535
6.13,74.648132,101.575439,19.696331,72.132027,102.26577,20.653311,27.830433,27.830433
6.14,74.437691,101.578278,19.670374,71.912598,102.202202,20.55003,27.816763,27.816763
6.15,74.229759,101.58017,19.64263,71.69989,102.143677,20.450951,27.806864,27.806864
6.16,74.023048,101.581406,19.614063,71.49221,102.091949,20.358025,27.802828,27.802828
6.17,73.817093,101.582222,19.585262,71.288185,102.04744,20.272497,27.805222,27.805222
6.18,73.612183,101.582726,19.556194,71.087585,102.009918,20.195101,27.8127,27.8127
6.19,73.408821,101.582855,19.526165,70.890892,101.97905,20.125965,27.823263,27.823263
6.2,73.206993,101.582291,19.494015,70.698624,101.954918,20.064905,27.835434,27.835434
6.21,73.006126,101.580627,19.458355,70.510742,101.937996,20.011969,27.849159,27.849159
6.22,72.805214,101.57756,19.418056,70.326485,101.928894,19.967648,27.865599,27.865599
6.23,72.603447,101.572845,19.372541,70.144745,101.928154,19.932775,27.886328,27.886328
6.24,72.400772,101.566193,19.322163,69.964607,101.935768,19.907917,27.912111,27.912111
6.25,72.198242,101.557358,19.268213,69.785851,101.951103,19.89319,27.942259,27.942259
6.26,71.997536,101.54628,19.212549,69.608879,101.973099,19.888239,27.974888,27.974888
6.27,71.800095,101.532959,19.157248,69.43412,101.999733,19.891739,28.008047,28.008047
6.28,71.606522,101.51712,19.104027,69.261528,102.028336,19.901558,28.040339,28.040339
6.29,71.416779,101.498207,19.053831,69.090836,102.056091,19.914717,28.070868,28.070868
6.3,71.230904,101.475624,19.006655,68.922211,102.080498,19.927902,28.098717,28.098717
6.31,71.049362,101.449242,18.961954,68.75631,102.099831,19.938766,28.122839,28.122839
6.32,70.872597,101.41964,18.918865,68.593803,102.113327,19.946436,28.142632,28.142632
6.33,70.700874,101.387817,18.876547,68.435349,102.12114,19.950911,28.158079,28.158079
6.34,70.533859,101.354713,18.834658,68.281158,102.123825,19.952309,28.170113,28.170113
6.35,70.370438,101.320953,18.793436,68.130905,102.122124,19.950687,28.180454,28.180454
6.36,70.208908,101.287018,18.75333,67.983643,102.116653,19.945986,28.191216,28.191216
6.37,70.047447,101.253143,18.71419,67.838074,102.107803,19.93778,28.204351,28.204351
6.38,69.88475,101.219467,18.675543,67.6931,102.095673,19.925404,28.220968,28.220968
6.39,69.720512,101.186028,18.636818,67.548332,102.080193,19.9083,28.2409,28.2409
6.4,69.555832,101.152924,18.597652,67.404633,102.061752,19.88656,28.262766,28.262766
6.41,69.392822,101.120102,18.557678,67.263695,102.041527,19.861214,28.284332,28.284332
6.42,69.233589,101.087303,18.516754,67.126869,102.020836,19.833776,28.303545,28.303545
6.43,69.079758,101.054077,18.47472,66.994377,102.000381,19.805759,28.31929,28.31929
6.44,68.931816,101.020164,18.431561,66.864578,101.979607,19.778406,28.332003,28.332003
6.45,68.78907,100.985535,18.387413,66.734116,101.956543,19.752537,28.343441,28.343441
6.46,68.649986,100.950439,18.342928,66.598877,101.927971,19.728546,28.35614,28.35614
6.47,68.51339,100.915459,18.299232,66.455803,101.89032,19.706446,28.371977,28.371977
6.48,68.379318,100.881363,18.257586,66.304565,101.841339,19.686075,28.391262,28.391262
6.49,68.249069,100.849091,18.219038,66.148399,101.781532,19.667063,28.412447,28.412447
6.5,68.124664,100.819702,18.184425,65.993736,101.714684,19.648798,28.432579,28.432579
6.51,68.007866,100.79409,18.154169,65.848099,101.646843,19.630833,28.448689,28.448689
6.52,67.89917,100.772697,18.128164,65.71666,101.583466,19.612669,28.459347,28.459347
6.53,67.797516,100.755386,18.105865,65.60041,101.527748,19.593843,28.465279,28.465279
6.54,67.700867,100.74173,18.08674,65.497269,101.480812,19.574007,28.468189,28.468189
6.55,67.607391,100.731117,18.070271,65.404236,101.442894,19.553417,28.469183,28.469183
6.56,67.516335,100.722885,18.055969,65.319298,101.41404,19.532904,28.468351,28.468351
6.57,67.428413,100.71656,18.043692,65.242081,101.394592,19.513746,28.46501,28.46501
6.58,67.345192,100.711746,18.033409,65.173332,101.384613,19.497131,28.457943,28.457943
6.59,67.268394,100.708344,18.025055,65.113922,101.383354,19.483706,28.445724,28.445724
6.6,67.198975,100.706207,18.018394,65.064011,101.389191,19.473446,28.427383,28.427383
6.61,67.137238,100.705368,18.013226,65.023354,101.400467,19.465816,28.402754,28.402754
6.62,67.082932,100.705795,18.009146,64.991165,101.415718,19.460054,28.372431,28.372431
6.63,67.035301,100.707367,18.00584,64.966171,101.433571,19.455439,28.337576,28.337576
6.64,66.993446,100.709923,18.003328,64.946724,101.452805,19.451527,28.299566,28.299566
6.65,66.956505,100.713364,18.002039,64.931351,101.472618,19.448105,28.259539,28.259539
6.66,66.923706,100.717789,18.002541,64.918831,101.492767,19.44544,28.217857,28.217857
6.67,66.894104,100.723366,18.00547,64.908104,101.513351,19.444113,28.174444,28.174444
6.68,66.866837,100.730331,18.01148,64.89843,101.534668,19.444752,28.12907,28.12907
6.69,66.841148,100.738853,18.021126,64.889236,101.557053,19.448107,28.081839,28.081839
6.7,66.816566,100.749084,18.03463,64.880203,101.580589,19.454853,28.033276,28.033276
6.71,66.793068,100.761032,18.051386,64.871201,101.605103,19.465488,27.98428,27.98428
6.72,66.770882,100.774529,18.069977,64.862144,101.630058,19.47994,27.935843,27.935843
6.73,66.750595,100.789368,18.088896,64.853439,101.654945,19.497562,27.888744,27.888744
6.74,66.732735,100.805504,18.107199,64.845764,101.679649,19.517624,27.843283,27.843283
6.75,66.717613,100.823128,18.124815,64.839828,101.704445,19.539267,27.799395,27.799395
6.76,66.705391,100.842415,18.142281,64.836296,101.729614,19.561342,27.756588,27.756588
6.77,66.696045,100.863304,18.160269,64.83577,101.755043,19.582777,27.714172,27.714172
6.78,66.689308,100.885376,18.17942,64.838646,101.779999,19.603062,27.67141,27.67141
6.79,66.684532,100.907852,18.199942,64.844963,101.803543,19.621847,27.627911,27.627911
6.8,66.681068,100.92955,18.221577,64.854645,101.825043,19.638615,27.583431,27.583431
6.81,66.678078,100.949142,18.244072,64.867302,101.844238,19.653284,27.538074,27.538074
6.82,66.674973,100.965569,18.267551,64.882195,101.861008,19.666645,27.492203,27.492203
6.83,66.672028,100.978455,18.292192,64.898483,101.875793,19.680197,27.446083,27.446083
6.84,66.670776,100.98864,18.318132,64.915535,101.889687,19.695513,27.399845,27.399845
6.85,66.673088,100.997734,18.345129,64.932915,101.903801,19.713453,27.353794,27.353794
6.86,66.679436,101.007233,18.372444,64.950066,101.919266,19.733721,27.308893,27.308893
6.87,66.688789,101.017807,18.398823,64.966377,101.93692,19.754627,27.266596,27.266596
6.88,66.699959,101.02948,18.423248,64.981705,101.956947,19.774111,27.228052,27.228052
6.89,66.712234,101.041916,18.445154,64.996391,101.978165,19.790581,27.193863,27.193863
6.9,66.725288,101.054497,18.464146,65.010788,101.998558,19.803581,27.16431,27.16431
6.91,66.738846,101.066635,18.479946,65.024834,102.01619,19.813555,27.139664,27.139664
6.92,66.752731,101.077911,18.492498,65.038322,102.030289,19.821743,27.120277,27.120277
6.93,66.766678,101.088112,18.502131,65.05088,102.040955,19.829405,27.106565,27.106565
6.94,66.780449,101.097298,18.509369,65.062241,102.048836,19.837322,27.098652,27.098652
6.95,66.793694,101.105568,18.514809,65.072113,102.054703,19.845507,27.096502,27.096502
6.96,66.806168,101.113045,18.519056,65.08036,102.059387,19.853447,27.099642,27.099642
6.97,66.81781,101.119675,18.522457,65.08725,102.063889,19.860609,27.107182,27.107182
6.98,66.828629,101.125443,18.525087,65.093216,102.069412,19.866976,27.117908,27.117908
6.99,66.838882,101.130486,18.526934,65.099007,102.077042,19.872879,27.130302,27.130302
7,66.848976,101.135124,18.528065,65.105461,102.087555,19.87874,27.142946,27.142946
7.01,66.859116,101.139694,18.528719,65.112907,102.101089,19.88488,27.155008,27.155008
7.02,66.869164,101.144341,18.529478,65.121124,102.117302,19.891577,27.166351,27.166351
7.03,66.878746,101.149063,18.531174,65.129387,102.135498,19.899197,27.177343,27.177343
7.04,66.887482,101.153809,18.534452,65.136879,102.154793,19.90815,27.188362,27.188362
7.05,66.894737,101.158501,18.539543,65.142693,102.173889,19.918297,27.199614,27.199614
7.06,66.90004,101.162933,18.546076,65.14608,102.191216,19.928686,27.210991,27.210991
7.07,66.903328,101.166801,18.55316,65.146828,102.205482,19.938047,27.222061,27.222061
7.08,66.9048,101.170044,18.559853,65.145172,102.216217,19.945772,27.232304,27.232304
7.09,66.904701,101.172676,18.565344,65.141579,102.223915,19.952246,27.241507,27.241507
7.1,66.903343,101.175011,18.569517,65.136719,102.229263,19.957916,27.24963,27.24963
7.11,66.901009,101.177589,18.572855,65.131149,102.232674,19.962664,27.256996,27.256996
7.12,66.898109,101.181061,18.576176,65.12542,102.234337,19.966106,27.263859,27.263859
7.13,66.895042,101.185989,18.580128,65.119972,102.234451,19.968231,27.270346,27.270346
7.14,66.892029,101.192612,18.585054,65.115089,102.233482,19.969666,27.276459,27.276459
7.15,66.888954,101.200714,18.591003,65.110962,102.232086,19.971287,27.282156,27.282156
7.16,66.885483,101.20977,18.597937,65.107513,102.230812,19.973711,27.287292,27.287292
7.17,66.881218,101.2192,18.605656,65.104515,102.229828,19.976913,27.291737,27.291737
7.18,66.876083,101.228569,18.614084,65.101768,102.229111,19.980541,27.295336,27.295336
7.19,66.870117,101.237473,18.623013,65.099144,102.228622,19.984253,27.29801,27.29801
7.2,66.863449,101.245575,18.632006,65.096504,102.228317,19.987743,27.299957,27.299957
7.21,66.856255,101.252678,18.640478,65.093613,102.227875,19.990673,27.301641,27.301641
7.22,66.848572,101.258675,18.648102,65.090057,102.226814,19.992783,27.303946,27.303946
7.23,66.84024,101.263603,18.654963,65.085327,102.224701,19.994019,27.307739,27.307739
7.24,66.831093,101.26754,18.661129,65.078926,102.2211,19.994236,27.313702,27.313702
7.25,66.821014,101.27063,18.666506,65.070511,102.215797,19.993362,27.321907,27.321907
7.26,66.810013,101.27301,18.671095,65.059998,102.208878,19.991432,27.331944,27.331944
7.27,66.798256,101.27494,18.67531,65.047569,102.200691,19.988621,27.343122,27.343122
7.28,66.786316,101.276588,18.679596,65.034088,102.191818,19.985046,27.354588,27.354588
7.29,66.774712,101.278061,18.684004,65.020569,102.183105,19.981007,27.365643,27.365643
7.3,66.763626,101.279236,18.688253,65.00779,102.175278,19.976725,27.376013,27.376013
7.31,66.752869,101.279907,18.691916,64.996109,102.168884,19.972603,27.385895,27.385895
7.32,66.741928,101.279808,18.694693,64.985413,102.164047,19.968987,27.395632,27.395632
7.33,66.730347,101.278778,18.696533,64.975464,102.160881,19.966253,27.405581,27.405581
7.34,66.717667,101.276863,18.697819,64.965729,102.159409,19.964489,27.416138,27.416138
7.35,66.703758,101.274269,18.699192,64.955742,102.159363,19.963314,27.427631,27.427631
7.36,66.688728,101.27124,18.70118,64.945152,102.159981,19.961878,27.439943,27.439943
7.37,66.672783,101.268021,18.703964,64.933586,102.160103,19.959244,27.452782,27.452782
7.38,66.656143,101.264915,18.707445,64.920677,102.158661,19.954649,27.465609,27.465609
7.39,66.638954,101.26226,18.711258,64.906029,102.154999,19.947672,27.477991,27.477991
7.4,66.621506,101.260391,18.714901,64.889702,102.149124,19.938494,27.489517,27.489517
7.41,66.60434,101.259476,18.717833,64.872215,102.141502,19.927906,27.499956,27.499956
7.42,66.588219,101.259369,18.719772,64.854675,102.133163,19.917139,27.509098,27.509098
7.43,66.574135,101.259819,18.72101,64.838638,102.12542,19.907574,27.516678,27.516678
7.44,66.563225,101.260429,18.721951,64.825806,102.1194,19.900333,27.522402,27.522402
7.45,66.556175,101.260971,18.722761,64.817383,102.115677,19.895956,27.526039,27.526039
7.46,66.552925,101.261261,18.723234,64.813484,102.114075,19.894131,27.527714,27.527714
7.47,66.552185,101.26133,18.723372,64.812599,102.113724,19.893753,27.528091,27.528091
